{
  "linear_regression": {
    "train": {
      "rmse": 30.636773966040614,
      "mae": 20.659573298148352,
      "r2": 0.7115122577530428
    },
    "val": {
      "rmse": 42.85310499303073,
      "mae": 26.069682148776078,
      "r2": 0.3820927079504881
    },
    "test": {
      "rmse": 33.74703026887999,
      "mae": 25.37427389707651,
      "r2": 0.6844878582706722
    }
  },
  "random_forest": {
    "train": {
      "rmse": 11.844313752037932,
      "mae": 8.20094102700912,
      "r2": 0.956881751970114
    },
    "val": {
      "rmse": 43.12466683979764,
      "mae": 26.21457141140159,
      "r2": 0.3742364873476105
    },
    "test": {
      "rmse": 36.58008532693867,
      "mae": 27.55954623504388,
      "r2": 0.6292899303587561
    }
  },
  "xgboost": {
    "train": {
      "rmse": 14.062120650214553,
      "mae": 10.327865199452356,
      "r2": 0.9392224849467372
    },
    "val": {
      "rmse": 40.64922387547338,
      "mae": 24.707407132707484,
      "r2": 0.4440147803196831
    },
    "test": {
      "rmse": 43.34668925972097,
      "mae": 31.489279633680784,
      "r2": 0.47945674964204976
    }
  },
  "gradient_boosting": {
    "train": {
      "rmse": 0.8218328416590575,
      "mae": 0.6325156734586533,
      "r2": 0.9997924091129573
    },
    "val": {
      "rmse": 42.749624015201945,
      "mae": 24.840894749120903,
      "r2": 0.3850733296894435
    },
    "test": {
      "rmse": 38.139981115641234,
      "mae": 27.898186587376884,
      "r2": 0.5969992058344885
    }
  },
  "ensemble": {
    "train": {
      "rmse": 16.85709264248797,
      "mae": 11.540021144467161,
      "r2": 0.9126613153111927
    },
    "val": {
      "rmse": 43.562412292625616,
      "mae": 26.30316217557487,
      "r2": 0.36146813837345726
    },
    "test": {
      "rmse": 34.829259387719546,
      "mae": 25.952058729223488,
      "r2": 0.6639271461007612
    }
  }
}